{"cameraMode":{"drawMode":0,"name":"Shaded","section":"Shading Mode"},"sceneLighting":false,"audioPlay":false,"sceneViewState":{"m_AlwaysRefresh":false,"showFog":true,"showSkybox":true,"showFlares":true,"showImageEffects":true,"showParticleSystems":true,"showVisualEffectGraphs":true,"m_FxEnabled":true},"in2DMode":false,"pivot":{"x":-9.362688064575196,"y":1448.4197998046875,"z":32.940757751464847},"rotation":{"x":0.014717931859195233,"y":-0.002095195697620511,"z":0.00003831022695521824,"w":0.9998871684074402},"size":70.71067810058594,"orthographic":false}