{"cameraMode":{"drawMode":0,"name":"Shaded","section":"Shading Mode"},"sceneLighting":false,"audioPlay":false,"sceneViewState":{"m_AlwaysRefresh":false,"showFog":true,"showSkybox":true,"showFlares":true,"showImageEffects":true,"showParticleSystems":true,"showVisualEffectGraphs":true,"m_FxEnabled":true},"in2DMode":false,"pivot":{"x":152.44544982910157,"y":1385.3883056640625,"z":-9.150742530822754},"rotation":{"x":0.04619922488927841,"y":-0.009584282524883747,"z":0.0004520252114161849,"w":0.9988883137702942},"size":152.06906127929688,"orthographic":false}