{"cameraMode":{"drawMode":0,"name":"Shaded","section":"Shading Mode"},"sceneLighting":false,"audioPlay":false,"sceneViewState":{"m_AlwaysRefresh":false,"showFog":true,"showSkybox":true,"showFlares":true,"showImageEffects":true,"showParticleSystems":true,"showVisualEffectGraphs":true,"m_FxEnabled":true},"in2DMode":false,"pivot":{"x":2.642531394958496,"y":-3.734968662261963,"z":24.84447479248047},"rotation":{"x":0.07891690731048584,"y":0.07410386949777603,"z":-0.005874603521078825,"w":0.9941069483757019},"size":17.727956771850587,"orthographic":false}