{"cameraMode":{"drawMode":0,"name":"Shaded","section":"Shading Mode"},"sceneLighting":false,"audioPlay":false,"sceneViewState":{"m_AlwaysRefresh":false,"showFog":true,"showSkybox":true,"showFlares":true,"showImageEffects":true,"showParticleSystems":true,"showVisualEffectGraphs":true,"m_FxEnabled":true},"in2DMode":false,"pivot":{"x":0.35585761070251467,"y":5.669614315032959,"z":-3.541940450668335},"rotation":{"x":-0.018196413293480874,"y":-0.09642899036407471,"z":-0.0017527076415717602,"w":0.9951666593551636},"size":0.8660253882408142,"orthographic":false}