{"cameraMode":{"drawMode":0,"name":"Shaded","section":"Shading Mode"},"sceneLighting":false,"audioPlay":false,"sceneViewState":{"m_AlwaysRefresh":false,"showFog":true,"showSkybox":true,"showFlares":true,"showImageEffects":true,"showParticleSystems":true,"showVisualEffectGraphs":true,"m_FxEnabled":true},"in2DMode":false,"pivot":{"x":-3.347001075744629,"y":-1.4733420610427857,"z":29.35327911376953},"rotation":{"x":0.07611507922410965,"y":-0.02751118503510952,"z":0.002108941553160548,"w":0.9967193603515625},"size":17.727956771850587,"orthographic":false}