{"cameraMode":{"drawMode":0,"name":"Shaded","section":"Shading Mode"},"sceneLighting":false,"audioPlay":false,"sceneViewState":{"m_AlwaysRefresh":false,"showFog":true,"showSkybox":false,"showFlares":true,"showImageEffects":true,"showParticleSystems":true,"showVisualEffectGraphs":true,"m_FxEnabled":true},"in2DMode":false,"pivot":{"x":-0.10036322474479675,"y":0.974782407283783,"z":-0.18034154176712037},"rotation":{"x":-0.2616342008113861,"y":-0.13181520998477937,"z":-0.03608952462673187,"w":0.9554443955421448},"size":0.5663784742355347,"orthographic":false}