{"cameraMode":{"drawMode":0,"name":"Shaded","section":"Shading Mode"},"sceneLighting":false,"audioPlay":false,"sceneViewState":{"m_AlwaysRefresh":false,"showFog":true,"showSkybox":false,"showFlares":true,"showImageEffects":true,"showParticleSystems":true,"showVisualEffectGraphs":true,"m_FxEnabled":true},"in2DMode":false,"pivot":{"x":7.641026973724365,"y":0.06717095524072647,"z":0.0737069696187973},"rotation":{"x":0.006132809910923243,"y":-0.7100414037704468,"z":0.006196008529514074,"w":0.7041065692901611},"size":1.0495539903640748,"orthographic":true}